Workbook

Sheet Read Me
A1: SLIDE 8: V1 TO V2 USABILITY TEST REPORT (SIMULATED EXAMPLE)
A2: SIMULATED EXAMPLE. Illustrative test format, not real user data. No V2 has been built or tested. Rows marked "Code check" come from reading the V1 source code.
A4: Purpose
A5: Shows the format of a round of 3 usability sessions on the V1 adaptive memory-retrieval MVP, what it would teach, and a simulated V2 round. The layout is ready for real sessions; the data is worked example data.
A7: How to convert to real results
A8: 1. Run 3 sessions with Segment T users (they expect a specific photo to exist, remember it imprecisely, and keep trying). 2. Overwrite the shaded cells in Participants and Sessions. 3. Metrics recalculates. 4. Rewrite Learnings and V1 to V2 from what you saw, then remove every "Simulated" label.
A10: Sheets
A11: Real vs Simulated | Participants | Tasks | Sessions | Metrics | Learnings | V1 to V2 | V2 Changes | V2 Participants | V2 Sessions | V1 vs V2 Metrics | V2 Learnings and Next
A13: What is NOT simulated
A14: The six task scenarios and the 72 photos are the MVP's own data. Findings marked "Code check" (filters never shown, only 6 of 12 photos shown, unranked recovery, no logging) come from reading the V1 source code. See the Real vs Simulated sheet.
A16: Limits
A17: 3 users and 6 sessions per round, so one session moves a percentage by about 17 points. V1 does not log time, inspections or recovery steps, so a facilitator would record them by hand.
... A20: Added sheets: V2 Changes | V2 Participants | V2 Sessions | V1 vs V2 Metrics | V2 Learnings and Next. The V1 to V2 sheet has V2 built, V2 result, Status and Basis columns. All V2 content is simulated: no V2 was built or tested.

Sheet Real vs Simulated
A1: What in this workbook is real, and what is illustrative
A3: Item | B3: Status | C3: Source or note
A4: Six memory scenarios and 72 photos | B4: Real | C4: MVP data (src/mockData.js, public/google)
A5: Filter options computed after each search but never displayed | B5: Real (code check) | C5: src/App.jsx: availableFilters is set, not rendered
A6: Only the first 6 of 12 photos in the best-matching group are shown | B6: Real (code check) | C6: src/App.jsx: candidates.slice(0, 6)
A7: Recovery is an unranked list of 6 to 10 categories | B7: Real (code check) | C7: src/App.jsx: recovery taxonomies
A8: Clues are read by fixed keyword rules; every extracted clue is a hard filter | B8: Real (code check) | C8: src/App.jsx: mockContextExtractor; src/mockData.js: filterByMetadata
A9: No in-app logging of time, inspections or recovery steps | B9: Real (code check) | C9: The success screen shows a label only
A10: Task links to discovery patterns | B10: From discovery dataset | C10: Slide 3 counts. The discovery dataset is itself simulated, per the deck
A11: Participants U1-U6, sessions S1-S12, quotes, times, confidence | B11: Simulated | C11: Invented to show the test format
A12: All metric values | B12: Simulated inputs, real formulas | C12: Formulas recalculate from the Sessions sheets
A13: V2 features (LLM clue reading, filter chips, ranked recovery, show all, logging) | B13: Simulated | C13: Not built. They are proposals
A14: V2 results and the V1 vs V2 comparison | B14: Simulated | C14: No V2 was tested
A15: Priorities and owners in V2 Learnings and Next | B15: Proposal | C15: A suggested order, not a decision

Sheet Participants
A1: SIMULATED EXAMPLE. Illustrative test format, not real user data. No V2 has been built or tested. Rows marked "Code check" come from reading the V1 source code.
A3: User | B3: Status | C3: Profile | D3: Photos use | E3: Retrieval behaviour (screener) | F3: Segment match
A4: U1 | B4: Simulated | C4: White Collar working Professional, 29 | D4: Google Photos, daily | E4: Hunts for a photo in 2+ attempts each month; switches between search and scrolling | F4: Segment T: effortful-path retriever
A5: U2 | B5: Simulated | C5: White Collar working Professional, 34 | D5: Google Photos, weekly | E5: Remembers place and people but not dates; scrolls the timeline when search fails | F5: Segment T: effortful-path retriever
A6: U3 | B6: Simulated | C6: Graduate student, 24 | D6: Google Photos, weekly | E6: Uses vague search words, retries with new words, gives up after several misses | F6: Segment T: effortful-path retriever

Sheet Tasks
A1: Task | B1: Memory the user is given (scenario card) | C1: Clues they may use | D1: Withheld from the user | E1: Source | F1: Discovery pattern (Slide 3) | G1: Intended photo ID (chosen for the test)
A2: T1 | B2: Beach cafe with my cousin around sunset in Goa | C2: Goa, cousin, beach cafe, sunset | D2: Exact date, file name, keyword | E2: Real scenario in the MVP | F2: Travel / place photo; holds people and approximate time, lacks exact date (Slide 3) | G2: 101
A3: T2 | B3: Hiking in the monsoon near Maharashtra mountains | C3: Maharashtra, rain, hiking | D3: Exact date, trail name, keyword | E3: Real scenario in the MVP | F3: Travel / place photo; holds activity, lacks a name or keyword (Slide 3) | G3: 118
A4: T3 | B4: Late night beach party with friends in Goa | C4: Goa, friends, night, party, guitar | D4: Exact date, album, keyword | E4: Real scenario in the MVP | F4: Event / social photo; holds people and approximate time, lacks exact date (Slide 3) | G4: 130
A5: T4 | B5: That hidden waterfall we found in the jungle | C5: Waterfall, jungle, hidden | D5: Place name, date, keyword | E5: Real scenario in the MVP | F5: Travel / place photo; holds visual appearance, lacks a name or keyword (Slide 3) | G5: 138
A6: T5 | B6: The houseboat trip we took in Kerala with family | C6: Kerala, houseboat, family | D6: Exact date, album, keyword | E6: Real scenario in the MVP | F6: Travel / place photo with family; holds people, lacks exact date (Slide 3) | G6: 150
A7: T6 | B7: Watching the sunset from a hammock | C7: Sunset, hammock | D7: Place, date, keyword | E7: Real scenario in the MVP | F7: Visual-appearance memory; holds visual appearance, lacks a keyword (Slide 3) | G7: 162

Sheet Sessions
A1: SIMULATED EXAMPLE. Illustrative test format, not real user data. No V2 has been built or tested. Rows marked "Code check" come from reading the V1 source code.
A3: Session | B3: User | C3: Task | D3: Query typed | E3: Clues read correctly | F3: First attempt found it | G3: Recovery used (count) | H3: Strategy switches | I3: Candidates inspected | J3: Time to retrieval (s) | K3: Found intended photo | L3: Confidence (1-5) | M3: Observation | N3: Intended photo ID | O3: Photo picked ID | P3: Participant quote (simulated)
A4: S1 | B4: U1 | C4: T1 | D4: beach cafe with my cousin sunset goa | E4: Yes | F4: Yes | G4: 0 | H4: 0 | I4: 4 | J4: 48 | K4: =IF(O4=N4,"Yes","No") | L4: 4 | M4: Read the clue chips and picked the second photo quickly. | N4: =VLOOKUP(C4,Tasks!$A$2:$G$7,7,FALSE) | O4: 101 | P4: "That's the one, second photo."
A5: S2 | B5: U1 | C5: T4 | D5: hidden waterfall trek with friends | E5: Partly | F5: No | G5: 3 | H5: 2 | I5: 7 | J5: 142 | K5: =IF(O5=N5,"Yes","No") | L5: 3 | M5: "friends" became a hard filter and removed every waterfall photo. Recovery showed 10 categories; user said "I do not know which one matters". | N5: =VLOOKUP(C5,Tasks!$A$2:$G$7,7,FALSE) | O5: 138 | P5: "I don't know which of these matters."
A6: S3 | B6: U2 | C6: T3 | D6: night party goa beach with my college friends | E6: Yes | F6: No | G6: 1 | H6: 1 | I6: 9 | J6: 96 | K6: =IF(O6=N6,"Yes","No") | L6: 4 | M6: First 6 of 12 photos looked right but not the one with the guitar; found it through Entertainment > Guitar. | N6: =VLOOKUP(C6,Tasks!$A$2:$G$7,7,FALSE) | O6: 130 | P6: "Right night, but not the photo with the guitar."
A7: S4 | B7: U2 | C7: T5 | D7: boat ride kerala backwaters with my parents | E7: Partly | F7: Yes | G7: 0 | H7: 0 | I7: 3 | J7: 41 | K7: =IF(O7=N7,"Yes","No") | L7: 5 | M7: "parents" was not read as a clue but nothing depended on it. | N7: =VLOOKUP(C7,Tasks!$A$2:$G$7,7,FALSE) | O7: 150 | P7: "Easy, that's the houseboat."
A8: S5 | B8: U3 | C8: T2 | D8: trek near lonavala in rain | E8: Partly | F8: No | G8: 2 | H8: 3 | I8: 8 | J8: 210 | K8: =IF(O8=N8,"Yes","No") | L8: 2 | M8: "trek" and "rain" matched, so hiking photos appeared, but only 6 of 12 in the group were shown and the intended photo was in the hidden half. Gave up after two recovery attempts. Lonavala was not read as Maharashtra, which did not change the results. | N8: =VLOOKUP(C8,Tasks!$A$2:$G$7,7,FALSE) | O8: - | P8: "I can't tell these hiking photos apart."
A9: S6 | B9: U3 | C9: T6 | D9: hammock sunset | E9: Yes | F9: No | G9: 1 | H9: 1 | I9: 11 | J9: 118 | K9: =IF(O9=N9,"Yes","No") | L9: 3 | M9: Several near-identical Goa sunsets from two scenarios. Asked "can I narrow this down?" but no filters were on screen. | N9: =VLOOKUP(C9,Tasks!$A$2:$G$7,7,FALSE) | O9: 162 | P9: "Can I narrow this down somehow?"

Sheet Metrics
A1: SIMULATED EXAMPLE. Illustrative test format, not real user data. No V2 has been built or tested. Rows marked "Code check" come from reading the V1 source code.
A3: Metric | B3: Overall | C3: U1 | D3: U2 | E3: U3 | F3: How it is calculated
A4: Retrieval success (% of sessions) | B4: =COUNTIF(Sessions!$K$4:$K$9,"Yes")/COUNTA(Sessions!$K$4:$K$9) | C4: =COUNTIFS(Sessions!$B$4:$B$9,"U1",Sessions!$K$4:$K$9,"Yes")/COUNTIF(Sessions!$B$4:$B$9,"U1") | D4: =COUNTIFS(Sessions!$B$4:$B$9,"U2",Sessions!$K$4:$K$9,"Yes")/COUNTIF(Sessions!$B$4:$B$9,"U2") | E4: =COUNTIFS(Sessions!$B$4:$B$9,"U3",Sessions!$K$4:$K$9,"Yes")/COUNTIF(Sessions!$B$4:$B$9,"U3") | F4: Sessions where the user identified the intended photo
A5: First-attempt success (% of sessions) | B5: =COUNTIF(Sessions!$F$4:$F$9,"Yes")/COUNTA(Sessions!$F$4:$F$9) | C5: =COUNTIFS(Sessions!$B$4:$B$9,"U1",Sessions!$F$4:$F$9,"Yes")/COUNTIF(Sessions!$B$4:$B$9,"U1") | D5: =COUNTIFS(Sessions!$B$4:$B$9,"U2",Sessions!$F$4:$F$9,"Yes")/COUNTIF(Sessions!$B$4:$B$9,"U2") | E5: =COUNTIFS(Sessions!$B$4:$B$9,"U3",Sessions!$F$4:$F$9,"Yes")/COUNTIF(Sessions!$B$4:$B$9,"U3") | F5: Found without pressing "none of these"
A6: Recovery rate (% of failed first attempts that ended in success) | B6: =COUNTIFS(Sessions!$F$4:$F$9,"No",Sessions!$K$4:$K$9,"Yes")/COUNTIF(Sessions!$F$4:$F$9,"No") | C6: =IFERROR(COUNTIFS(Sessions!$B$4:$B$9,"U1",Sessions!$F$4:$F$9,"No",Sessions!$K$4:$K$9,"Yes")/COUNTIFS(Sessions!$B$4:$B$9,"U1",Sessions!$F$4:$F$9,"No"),"n/a") | D6: =IFERROR(COUNTIFS(Sessions!$B$4:$B$9,"U2",Sessions!$F$4:$F$9,"No",Sessions!$K$4:$K$9,"Yes")/COUNTIFS(Sessions!$B$4:$B$9,"U2",Sessions!$F$4:$F$9,"No"),"n/a") | E6: =IFERROR(COUNTIFS(Sessions!$B$4:$B$9,"U3",Sessions!$F$4:$F$9,"No",Sessions!$K$4:$K$9,"Yes")/COUNTIFS(Sessions!$B$4:$B$9,"U3",Sessions!$F$4:$F$9,"No"),"n/a") | F6: Failed first attempts that still found the photo
A7: Median time to retrieval, successful sessions (s) | B7: {=MEDIAN(IF(Sessions!$K$4:$K$9="Yes",Sessions!$J$4:$J$9))} | F7: Array formula over successful sessions
A8: Average strategy switches per session | B8: =AVERAGE(Sessions!$H$4:$H$9) | C8: =AVERAGEIF(Sessions!$B$4:$B$9,"U1",Sessions!$H$4:$H$9) | D8: =AVERAGEIF(Sessions!$B$4:$B$9,"U2",Sessions!$H$4:$H$9) | E8: =AVERAGEIF(Sessions!$B$4:$B$9,"U3",Sessions!$H$4:$H$9) | F8: Changes of approach during a session
A9: Average candidates inspected per session | B9: =AVERAGE(Sessions!$I$4:$I$9) | C9: =AVERAGEIF(Sessions!$B$4:$B$9,"U1",Sessions!$I$4:$I$9) | D9: =AVERAGEIF(Sessions!$B$4:$B$9,"U2",Sessions!$I$4:$I$9) | E9: =AVERAGEIF(Sessions!$B$4:$B$9,"U3",Sessions!$I$4:$I$9) | F9: Proxy for manual browsing
A10: Average recognition confidence (1-5) | B10: =AVERAGE(Sessions!$L$4:$L$9) | C10: =AVERAGEIF(Sessions!$B$4:$B$9,"U1",Sessions!$L$4:$L$9) | D10: =AVERAGEIF(Sessions!$B$4:$B$9,"U2",Sessions!$L$4:$L$9) | E10: =AVERAGEIF(Sessions!$B$4:$B$9,"U3",Sessions!$L$4:$L$9) | F10: Self-reported after each session
A11: Clues read correctly (% of sessions) | B11: =COUNTIF(Sessions!$E$4:$E$9,"Yes")/COUNTA(Sessions!$E$4:$E$9) | C11: =COUNTIFS(Sessions!$B$4:$B$9,"U1",Sessions!$E$4:$E$9,"Yes")/COUNTIF(Sessions!$B$4:$B$9,"U1") | D11: =COUNTIFS(Sessions!$B$4:$B$9,"U2",Sessions!$E$4:$E$9,"Yes")/COUNTIF(Sessions!$B$4:$B$9,"U2") | E11: =COUNTIFS(Sessions!$B$4:$B$9,"U3",Sessions!$E$4:$E$9,"Yes")/COUNTIF(Sessions!$B$4:$B$9,"U3") | F11: Express quality: every key clue extracted
A13: With 3 users each session is worth about 17 percentage points. Read these as signals to check, not rates.

Sheet Learnings
A1: SIMULATED EXAMPLE. Illustrative test format, not real user data. No V2 has been built or tested. Rows marked "Code check" come from reading the V1 source code.
A3: ID | B3: Journey stage | C3: Learning | D3: Evidence | E3: Severity | F3: What to change in V2 | G3: Basis
A4: L1 | B4: Recognition layer | C4: Code check: the filter options are computed after each search but never rendered, so users cannot narrow the set by place or year. | D4: S6 (asked to narrow down) | E4: High | F4: Render the filters, and recommend the one most likely to help instead of listing all. | G4: Code check
A5: L2 | B5: Express | C5: Plain-word rules miss real phrasing ("parents", "Lonavala"). A wrong clue can also hard-filter everything out ("friends" in S2). | D5: S2, S4, S5 | E5: High | F5: Use an LLM to read the memory; treat uncertain clues as soft signals and confirm before filtering. | G5: Simulated
A6: L3 | B6: Recover | C6: The recovery list has 6 to 10 unranked categories. Users did not know which one mattered. | D6: S2, S3, S5 | E6: High | F6: Offer 2 or 3 ranked recovery actions based on what was already tried, and say why. | G6: Simulated
A7: L4 | B7: Match | C7: When the clues are read right (S1, S4), users finish in under a minute. The loop works. | D7: S1, S4 | E7: Info | F7: Keep the loop; fix Express and Recover first. | G7: Simulated
A8: L5 | B8: Match | C8: Only 6 of 12 photos in the best group are shown, and several photos look alike, so users inspected 8 to 11 photos or gave up. | D8: S3, S5, S6 | E8: Medium | F8: Improve ranking so the intended photo is in the first 3. | G8: Code check + simulated
A9: L6 | B9: Measurement | C9: V1 records no time, inspections or recovery steps; a facilitator logged them by hand. | D9: All | E9: Medium | F9: Log session events in the app. | G9: Code check

Sheet V1 to V2
A1: SIMULATED EXAMPLE. Illustrative test format, not real user data. No V2 has been built or tested. Rows marked "Code check" come from reading the V1 source code.
A3: V1 feature | B3: Test / observation | C3: What we saw | D3: Learning to validate | E3: What it means | F3: V2 direction | G3: V2 built | H3: V2 result | I3: Status | J3: Basis
A4: Natural-language memory input | B4: Can users describe the photo naturally? | C4: Users described photos naturally, but 3 of 6 sessions had a clue missed or misread. | D4: Which clues are easiest and hardest to interpret? | E4: Place names and relationships outside the rule list fail. | F4: Improve context extraction (LLM, soft filters) | G4: LLM reads the memory; soft clues; editable chips | H4: Clues read correctly 50% to 100% (3 of 6 to 6 of 6). Failures in V1 (friends, parents, Lonavala) did not recur. | I4: Improved | J4: Simulated
A5: Contextual candidate retrieval | B5: Are returned candidates relevant enough? | C5: Good when clues are right (S1, S4); poor when one clue is wrong (S2, S5). | D5: Which clue combinations work? | E5: One wrong hard filter can empty the set, and only 6 of 12 photos in the best group are shown. | F5: Improve candidate generation; match softly | G5: Ranking by clue match; show all photos in the group | H5: Photos inspected 7.0 to 4.5; first-attempt success 33% to 67%; median time 96 s to 52 s. Overall success unchanged at 5 of 6. | I5: Improved | J5: Code check + simulated
A6: Dynamic candidate filters | B6: Can users recognise the photo faster? | C6: Not testable in V1: filters are not shown. | D6: Which filters help recognition? | E6: A user asked to narrow down (S6). | F6: Show and personalise filters | G6: Filter chips shown only when they split the set | H6: Used in 3 of 6 sessions; helped in 2 (S11 time of day), no help in S12 (all candidates in Goa). | I6: Partly improved | J6: Code check + simulated
A7: Guided recovery | B7: What do users do after the first attempt fails? | C7: 4 of 4 failed first attempts used recovery; 3 of 4 then found the photo. | D7: Which suggestions help users progress? | E7: A long unranked list did not help; specific signals (Guitar, Waterfall) did. | F7: Rank recovery actions by context | G7: 2 or 3 ranked recovery actions with a reason | H7: Recovery needed in 2 of 6 sessions (V1: 4 of 6). Recovery rate 75% to 50% but on 4 and 2 cases: inconclusive. | I7: Inconclusive | J7: Simulated
A8: (New) Session logging | B8: Time, photos opened and recovery steps were hand-timed in V1 | C8: Logged in the app for all 6 V2 sessions | D8: Which measures are reliable? | E8: Hand timing was coarse | F8: Keep logging; add the intended photo ID | G8: Event log in the app | H8: No hand timing needed in V2. | I8: Improved | J8: Simulated
A9: (New finding) Near-identical photos | B9: Did users pick the right photo when two look alike? | C9: S12: confident wrong pick (confidence 4) | D9: Does the loop create false confidence? | E9: Finishing fast is not the same as finding the right photo | F9: Explain matches and differences before the user confirms | G9: Not built | H9: New failure in V2, not a V1 finding. | I9: New | J9: Simulated

Sheet V2 Changes
A1: SIMULATED EXAMPLE. Illustrative test format, not real user data. No V2 has been built or tested. Rows marked "Code check" come from reading the V1 source code.
A3: Learning | B3: Journey stage | C3: V1 problem | D3: What V2 changed | E3: Status | F3: Basis
A4: L1 | B4: Recognition layer | C4: Filters were computed but never shown | D4: Show filter chips (place, year, people) only when they split the candidate set; highlight the one that splits it most | E4: Built (simulated) | F4: Simulated
A5: L2 | B5: Express | C5: Rule-based clue reading missed phrasing and hard-filtered on wrong clues | D5: LLM reads the memory; uncertain clues become soft ranking signals; clue chips are editable | E5: Built (simulated) | F5: Simulated
A6: L3 | B6: Recover | C6: Long unranked list of recovery categories | D6: 2 or 3 ranked recovery actions from what was already tried, each with a reason | E6: Built (simulated) | F6: Simulated
A7: L4 | B7: Match | C7: Loop works when clues are right | D7: Kept as is | E7: Kept | F7: Simulated
A8: L5 | B8: Match | C8: Only 6 of 12 photos in the best group were shown; too many similar photos | D8: Rank by clue match; add "Show all in this group" | E8: Built (simulated) | F8: Simulated
A9: L6 | B9: Measurement | C9: No time, inspection or recovery logging | D9: Log session events in the app (time, photos opened, recovery steps) | E9: Built (simulated) | F9: Simulated

Sheet V2 Sessions
A1: SIMULATED EXAMPLE. Illustrative test format, not real user data. No V2 has been built or tested. Rows marked "Code check" come from reading the V1 source code.
A3: Session | B3: User | C3: Task | D3: Query typed | E3: Clues read correctly | F3: First attempt found it | G3: Recovery used (count) | H3: Strategy switches | I3: Candidates inspected | J3: Time to retrieval (s) | K3: Found intended photo | L3: Confidence (1-5) | M3: V2 features used | N3: Observation | O3: Intended photo ID | P3: Photo picked ID | Q3: Participant quote (simulated)
A4: S7 | B4: U4 | C4: T1 | D4: beach cafe with my cousin sunset goa | E4: Yes | F4: Yes | G4: 0 | H4: 0 | I4: 2 | J4: 31 | K4: =IF(P4=O4,"Yes","No") | L4: 5 | M4: None needed | N4: Photo was in the first three. Editable clue chips were read but not changed. | O4: =VLOOKUP(C4,Tasks!$A$2:$G$7,7,FALSE) | P4: 101 | Q4: "Oh, that was quick."
A5: S8 | B5: U4 | C5: T4 | D5: hidden waterfall with friends | E5: Yes | F5: Yes | G5: 0 | H5: 0 | I5: 4 | J5: 58 | K5: =IF(P5=O5,"Yes","No") | L5: 4 | M5: Clue chips | N5: "friends" was kept as a soft signal and marked low match, so the waterfall photos still appeared. This was the failure in V1 (S2). | O5: =VLOOKUP(C5,Tasks!$A$2:$G$7,7,FALSE) | P5: 138 | Q5: "It kept the waterfalls even though I said friends."
A6: S9 | B6: U5 | C6: T3 | D6: night party goa beach with my college friends | E6: Yes | F6: Yes | G6: 0 | H6: 0 | I6: 5 | J6: 52 | K6: =IF(P6=O6,"Yes","No") | L6: 4 | M6: Show all in group | N6: The guitar photo was outside the first 6 in V1; "Show all in this group" surfaced it. | O6: =VLOOKUP(C6,Tasks!$A$2:$G$7,7,FALSE) | P6: 130 | Q6: "Show all was what I was missing."
A7: S10 | B7: U5 | C7: T5 | D7: boat ride kerala backwaters with my parents | E7: Yes | F7: Yes | G7: 0 | H7: 0 | I7: 3 | J7: 37 | K7: =IF(P7=O7,"Yes","No") | L7: 5 | M7: None needed | N7: "parents" was read as family. | O7: =VLOOKUP(C7,Tasks!$A$2:$G$7,7,FALSE) | P7: 150 | Q7: "Straight to it."
A8: S11 | B8: U6 | C8: T2 | D8: trek near lonavala in rain | E8: Yes | F8: No | G8: 1 | H8: 1 | I8: 6 | J8: 84 | K8: =IF(P8=O8,"Yes","No") | L8: 3 | M8: Ranked recovery, filter chips | N8: Lonavala understood as Maharashtra. First set had several similar hiking photos; took the top recovery action "add time of day: morning". | O8: =VLOOKUP(C8,Tasks!$A$2:$G$7,7,FALSE) | P8: 118 | Q8: "Adding morning narrowed it down."
A9: S12 | B9: U6 | C9: T6 | D9: hammock sunset | E9: Yes | F9: No | G9: 1 | H9: 1 | I9: 7 | J9: 73 | K9: =IF(P9=O9,"Yes","No") | L9: 4 | M9: Filter chips, ranked recovery | N9: Picked a near-identical Goa sunset from the cafe scenario, confidently. The place filter did not help because every candidate was in Goa. | O9: =VLOOKUP(C9,Tasks!$A$2:$G$7,7,FALSE) | P9: 104 | Q9: "That's the one."

Sheet V2 Participants
A1: SIMULATED EXAMPLE. Illustrative test format, not real user data. No V2 has been built or tested. Rows marked "Code check" come from reading the V1 source code.
A3: User | B3: Status | C3: Profile | D3: Photos use | E3: Retrieval behaviour (screener) | F3: Segment match | G3: Tasks
A4: U4 | B4: Simulated | C4: Working professional, 31 | D4: Google Photos, weekly | E4: Retries with new words when search fails | F4: Segment T: effortful-path retriever | G4: T1, T4
A5: U5 | B5: Simulated | C5: Working professional, 27 | D5: Google Photos, daily | E5: Scrolls the timeline when search fails | F5: Segment T: effortful-path retriever | G5: T3, T5
A6: U6 | B6: Simulated | C6: Graduate student, 25 | D6: Google Photos, weekly | E6: Gives up after several misses | F6: Segment T: effortful-path retriever | G6: T2, T6

Sheet V1 vs V2 Metrics
A1: SIMULATED EXAMPLE. Illustrative test format, not real user data. No V2 has been built or tested. Rows marked "Code check" come from reading the V1 source code.
A3: Metric | B3: V1 | C3: V2 | D3: Change | E3: Better when | F3: Reading | G3: Note
A4: Retrieval success (% of sessions) | B4: =COUNTIF(Sessions!$K$4:$K$9,"Yes")/COUNTA(Sessions!$K$4:$K$9) | C4: =COUNTIF('V2 Sessions'!$K$4:$K$9,"Yes")/COUNTA('V2 Sessions'!$K$4:$K$9) | D4: =C4-B4 | E4: Higher | F4: =IF(D4=0,"No change",IF((D4>0)=(E4="Higher"),"Improved","Worse")) | G4: Same 5 of 6: success did not move.
A5: First-attempt success (% of sessions) | B5: =COUNTIF(Sessions!$F$4:$F$9,"Yes")/COUNTA(Sessions!$F$4:$F$9) | C5: =COUNTIF('V2 Sessions'!$F$4:$F$9,"Yes")/COUNTA('V2 Sessions'!$F$4:$F$9) | D5: =C5-B5 | E5: Higher | F5: =IF(D5=0,"No change",IF((D5>0)=(E5="Higher"),"Improved","Worse"))
A6: Recovery rate (% of failed first attempts that ended in success) | B6: =COUNTIFS(Sessions!$F$4:$F$9,"No",Sessions!$K$4:$K$9,"Yes")/COUNTIF(Sessions!$F$4:$F$9,"No") | C6: =COUNTIFS('V2 Sessions'!$F$4:$F$9,"No",'V2 Sessions'!$K$4:$K$9,"Yes")/COUNTIF('V2 Sessions'!$F$4:$F$9,"No") | D6: =C6-B6 | E6: Higher | F6: =IF(D6=0,"No change",IF((D6>0)=(E6="Higher"),"Improved","Worse")) | G6: V1 3 of 4, V2 1 of 2: too few cases to read.
A7: Median time to retrieval, successful sessions (s) | B7: {=MEDIAN(IF(Sessions!$K$4:$K$9="Yes",Sessions!$J$4:$J$9))} | C7: {=MEDIAN(IF('V2 Sessions'!$K$4:$K$9="Yes",'V2 Sessions'!$J$4:$J$9))} | D7: =C7-B7 | E7: Lower | F7: =IF(D7=0,"No change",IF((D7>0)=(E7="Higher"),"Improved","Worse"))
A8: Average strategy switches per session | B8: =AVERAGE(Sessions!$H$4:$H$9) | C8: =AVERAGE('V2 Sessions'!$H$4:$H$9) | D8: =C8-B8 | E8: Lower | F8: =IF(D8=0,"No change",IF((D8>0)=(E8="Higher"),"Improved","Worse"))
A9: Average candidates inspected per session | B9: =AVERAGE(Sessions!$I$4:$I$9) | C9: =AVERAGE('V2 Sessions'!$I$4:$I$9) | D9: =C9-B9 | E9: Lower | F9: =IF(D9=0,"No change",IF((D9>0)=(E9="Higher"),"Improved","Worse"))
A10: Average recognition confidence (1-5) | B10: =AVERAGE(Sessions!$L$4:$L$9) | C10: =AVERAGE('V2 Sessions'!$L$4:$L$9) | D10: =C10-B10 | E10: Higher | F10: =IF(D10=0,"No change",IF((D10>0)=(E10="Higher"),"Improved","Worse")) | G10: Includes the confident-wrong session.
A11: Clues read correctly (% of sessions) | B11: =COUNTIF(Sessions!$E$4:$E$9,"Yes")/COUNTA(Sessions!$E$4:$E$9) | C11: =COUNTIF('V2 Sessions'!$E$4:$E$9,"Yes")/COUNTA('V2 Sessions'!$E$4:$E$9) | D11: =C11-B11 | E11: Higher | F11: =IF(D11=0,"No change",IF((D11>0)=(E11="Higher"),"Improved","Worse"))
A12: Confident but wrong (sessions with confidence 4+ and wrong photo) | B12: =COUNTIFS(Sessions!$K$4:$K$9,"No",Sessions!$L$4:$L$9,">=4") | C12: =COUNTIFS('V2 Sessions'!$K$4:$K$9,"No",'V2 Sessions'!$L$4:$L$9,">=4") | D12: =C12-B12 | E12: Lower | F12: =IF(D12=0,"No change",IF((D12>0)=(E12="Higher"),"Improved","Worse")) | G12: New in V2 (S12): near-identical photos.
A14: V1 and V2 used different simulated users on the same 6 tasks (S1-S6 vs S7-S12). With 3 users each session is worth about 17 points, so read the pattern, not the exact size.

Sheet V2 Learnings and Next
A1: SIMULATED EXAMPLE. Illustrative test format, not real user data. No V2 has been built or tested. Rows marked "Code check" come from reading the V1 source code.
A3: ID | B3: Journey stage | C3: Learning from the V2 round | D3: Evidence | E3: Severity | F3: Priority (1 = first) | G3: Change for the next iteration | H3: Owner | I3: Basis
A4: N1 | B4: Recognition | C4: Two near-identical photos from different scenarios (Goa sunset) led to a confident wrong pick; a place filter does not help when every candidate shares the place. | D4: S12 | E4: High | F4: 1 | G4: Show why a photo matched and what differs between similar candidates; ask "is this the one?" before ending; offer the differences (people, objects) as filters. | H4: Product + ML | I4: Simulated
A5: N2 | B5: Express | C5: LLM clue reading with soft signals fixed the V1 failures (friends, parents, Lonavala). | D5: S8, S10, S11 | E5: Info | F5: 4 | G5: Keep; test on phrasing that is harder than these six scenarios. | H5: ML | I5: Simulated
A6: N3 | B6: Recover | C6: Ranked recovery was used twice and helped once; the sample is too small to say it beats the V1 list. | D6: S11, S12 | E6: Medium | F6: 2 | G6: Run more sessions that reach recovery before changing it again. | H6: Research | I6: Simulated
A7: N4 | B7: Recognition | C7: Filter chips helped when they split the set (time of day in S11) and did nothing when they did not (place in S12). | D7: S11, S12 | E7: Medium | F7: 3 | G7: Show only filters that split the current set, ranked by how well they split it. | H7: Design + Eng | I7: Simulated
A8: N5 | B8: Measurement | C8: In-app logging replaced hand timing, so time and inspections are now recorded per session. | D8: All V2 | E8: Info | F8: 5 | G8: Keep; add the intended photo ID so success is checked automatically. | H8: Eng | I8: Simulated
